-- phpMyAdmin SQL Dump
-- version 5.0.3
-- https://www.phpmyadmin.net/
--
-- Host: 127.0.0.1
-- Generation Time: Nov 18, 2020 at 12:26 PM
-- Server version: 10.4.14-MariaDB
-- PHP Version: 7.4.11

SET SQL_MODE = "NO_AUTO_VALUE_ON_ZERO";
START TRANSACTION;
SET time_zone = "+00:00";


/*!40101 SET @OLD_CHARACTER_SET_CLIENT=@@CHARACTER_SET_CLIENT */;
/*!40101 SET @OLD_CHARACTER_SET_RESULTS=@@CHARACTER_SET_RESULTS */;
/*!40101 SET @OLD_COLLATION_CONNECTION=@@COLLATION_CONNECTION */;
/*!40101 SET NAMES utf8mb4 */;

--
-- Database: `blogger`
--

-- --------------------------------------------------------

--
-- Table structure for table `chats`
--

CREATE TABLE `chats` (
  `id` bigint(20) UNSIGNED NOT NULL,
  `title` varchar(255) COLLATE utf8mb4_unicode_ci NOT NULL,
  `message` longtext COLLATE utf8mb4_unicode_ci NOT NULL,
  `status` varchar(255) COLLATE utf8mb4_unicode_ci NOT NULL,
  `receiver` varchar(255) COLLATE utf8mb4_unicode_ci NOT NULL,
  `response` longtext COLLATE utf8mb4_unicode_ci NOT NULL,
  `publisher` varchar(255) COLLATE utf8mb4_unicode_ci NOT NULL,
  `created_at` timestamp NULL DEFAULT NULL,
  `updated_at` timestamp NULL DEFAULT NULL
) ENGINE=InnoDB DEFAULT CHARSET=utf8mb4 COLLATE=utf8mb4_unicode_ci;

--
-- Dumping data for table `chats`
--

INSERT INTO `chats` (`id`, `title`, `message`, `status`, `receiver`, `response`, `publisher`, `created_at`, `updated_at`) VALUES
(1, 'The placeholder text, beginning with the line “Lorem ipsum dolor sit amet, consectetur adipiscing elit”, looks like Latin because in its youth, centuries ago, it was Latin.', '<p><span style=\"font-family: \'Open Sans\', Arial, sans-serif; font-size: 14px; text-align: justify;\">It is a long established fact that a reader will be distracted by the readable content of a page when looking at its layout. The point of using Lorem Ipsum is that it has a more-or-less normal distribution of letters, as opposed to using \'Content here, content here\', making it look like readable English. Many desktop publishing packages and web page editors now use Lorem Ipsum as their default model text, and a search for \'lorem ipsum\' will uncover many web sites still in their infancy. Various versions have evolved over the years, sometimes by accident, sometimes on purpose (injected humour and the like).</span></p>\r\n<p><span style=\"font-family: \'Open Sans\', Arial, sans-serif; font-size: 14px; text-align: justify;\">It is a long established fact that a reader will be distracted by the readable content of a page when looking at its layout. The point of using Lorem Ipsum is that it has a more-or-less normal distribution of letters, as opposed to using \'Content here, content here\', making it look like readable English. Many desktop publishing packages and web page editors now use Lorem Ipsum as their default model text, and a search for \'lorem ipsum\' will uncover many web sites still in their infancy. Various versions have evolved over the years, sometimes by accident, sometimes on purpose (injected humour and the like).</span></p>\r\n<p><span style=\"font-family: \'Open Sans\', Arial, sans-serif; font-size: 14px; text-align: justify;\">It is a long established fact that a reader will be distracted by the readable content of a page when looking at its layout. The point of using Lorem Ipsum is that it has a more-or-less normal distribution of letters, as opposed to using \'Content here, content here\', making it look like readable English. Many desktop publishing packages and web page editors now use Lorem Ipsum as their default model text, and a search for \'lorem ipsum\' will uncover many web sites still in their infancy. Various versions have evolved over the years, sometimes by accident, sometimes on purpose (injected humour and the like).</span></p>', 'waiting', 'test@gmail.com', 'not replied', 'superadministrator@app.com', '2020-11-17 11:04:24', '2020-11-17 11:04:24'),
(2, 'The placeholder text, beginning with the line “Lorem ipsum dolor sit amet, consectetur adipiscing elit”, looks like Latin because in its youth, centuries ago, it was Latin.', '<p><span style=\"font-family: \'Open Sans\', Arial, sans-serif; font-size: 14px; text-align: justify;\">It is a long established fact that a reader will be distracted by the readable content of a page when looking at its layout. The point of using Lorem Ipsum is that it has a more-or-less normal distribution of letters, as opposed to using \'Content here, content here\', making it look like readable English. Many desktop publishing packages and web page editors now use Lorem Ipsum as their default model text, and a search for \'lorem ipsum\' will uncover many web sites still in their infancy. Various versions have evolved over the years, sometimes by accident, sometimes on purpose (injected humour and the like).</span></p>\r\n<p><span style=\"font-family: \'Open Sans\', Arial, sans-serif; font-size: 14px; text-align: justify;\">It is a long established fact that a reader will be distracted by the readable content of a page when looking at its layout. The point of using Lorem Ipsum is that it has a more-or-less normal distribution of letters, as opposed to using \'Content here, content here\', making it look like readable English. Many desktop publishing packages and web page editors now use Lorem Ipsum as their default model text, and a search for \'lorem ipsum\' will uncover many web sites still in their infancy. Various versions have evolved over the years, sometimes by accident, sometimes on purpose (injected humour and the like).</span></p>\r\n<p><span style=\"font-family: \'Open Sans\', Arial, sans-serif; font-size: 14px; text-align: justify;\">It is a long established fact that a reader will be distracted by the readable content of a page when looking at its layout. The point of using Lorem Ipsum is that it has a more-or-less normal distribution of letters, as opposed to using \'Content here, content here\', making it look like readable English. Many desktop publishing packages and web page editors now use Lorem Ipsum as their default model text, and a search for \'lorem ipsum\' will uncover many web sites still in their infancy. Various versions have evolved over the years, sometimes by accident, sometimes on purpose (injected humour and the like).</span></p>', 'waiting', 'test@gmail.com', 'not replied', 'superadministrator@app.com', '2020-11-17 11:04:53', '2020-11-17 11:04:53'),
(3, 'The placeholder text, beginning with the line “Lorem ipsum dolor sit amet, consectetur adipiscing elit”, looks like Latin because in its youth, centuries ago, it was Latin.', '<p><span style=\"font-family: \'Open Sans\', Arial, sans-serif; font-size: 14px; text-align: justify;\">It is a long established fact that a reader will be distracted by the readable content of a page when looking at its layout. The point of using Lorem Ipsum is that it has a more-or-less normal distribution of letters, as opposed to using \'Content here, content here\', making it look like readable English. Many desktop publishing packages and web page editors now use Lorem Ipsum as their default model text, and a search for \'lorem ipsum\' will uncover many web sites still in their infancy. Various versions have evolved over the years, sometimes by accident, sometimes on purpose (injected humour and the like).</span></p>\r\n<p>&nbsp;</p>\r\n<p><span style=\"font-family: \'Open Sans\', Arial, sans-serif; font-size: 14px; text-align: justify;\">It is a long established fact that a reader will be distracted by the readable content of a page when looking at its layout. The point of using Lorem Ipsum is that it has a more-or-less normal distribution of letters, as opposed to using \'Content here, content here\', making it look like readable English. Many desktop publishing packages and web page editors now use Lorem Ipsum as their default model text, and a search for \'lorem ipsum\' will uncover many web sites still in their infancy. Various versions have evolved over the years, sometimes by accident, sometimes on purpose (injected humour and the like).</span></p>\r\n<p>&nbsp;</p>\r\n<p>&nbsp;</p>\r\n<p><span style=\"font-family: \'Open Sans\', Arial, sans-serif; font-size: 14px; text-align: justify;\">It is a long established fact that a reader will be distracted by the readable content of a page when looking at its layout. The point of using Lorem Ipsum is that it has a more-or-less normal distribution of letters, as opposed to using \'Content here, content here\', making it look like readable English. Many desktop publishing packages and web page editors now use Lorem Ipsum as their default model text, and a search for \'lorem ipsum\' will uncover many web sites still in their infancy. Various versions have evolved over the years, sometimes by accident, sometimes on purpose (injected humour and the like).</span></p>', 'waiting', 'test@gmail.com', '<p><span style=\"color: #797979; font-family: \'Open Sans\', Arial, sans-serif; font-size: 14px; text-align: justify;\">It is a long established fact that a reader will be distracted by the readable content of a page when looking at its layout. The point of using Lorem Ipsum is that it has a more-or-less normal distribution of letters, as opposed to using \'Content here, content here\', making it look like readable English. Many desktop publishing packages and web page editors now use Lorem Ipsum as their default</span></p>', 'superadministrator@app.com', '2020-11-17 11:05:31', '2020-11-17 12:05:27'),
(4, 'The placeholder text, beginning with the line “Lorem ipsum dolor sit amet, consectetur adipiscing elit”, looks like Latin because in its youth, centuries ago, it was Latin.', '<p><span style=\"font-family: \'Open Sans\', Arial, sans-serif; font-size: 14px; text-align: justify;\">It is a long established fact that a reader will be distracted by the readable content of a page when looking at its layout. The point of using Lorem Ipsum is that it has a more-or-less normal distribution of letters, as opposed to using \'Content here, content here\', making it look like readable English. Many desktop publishing packages and web page editors now use Lorem Ipsum as their default model text, and a search for \'lorem ipsum\' will uncover many web sites still in their infancy. Various versions have evolved over the years, sometimes by accident, sometimes on purpose (injected humour and the like).</span></p>\r\n<p>&nbsp;</p>\r\n<p><span style=\"font-family: \'Open Sans\', Arial, sans-serif; font-size: 14px; text-align: justify;\">It is a long established fact that a reader will be distracted by the readable content of a page when looking at its layout. The point of using Lorem Ipsum is that it has a more-or-less normal distribution of letters, as opposed to using \'Content here, content here\', making it look like readable English. Many desktop publishing packages and web page editors now use Lorem Ipsum as their default model text, and a search for \'lorem ipsum\' will uncover many web sites still in their infancy. Various versions have evolved over the years, sometimes by accident, sometimes on purpose (injected humour and the like).</span></p>\r\n<p>&nbsp;</p>\r\n<p>&nbsp;</p>\r\n<p><span style=\"font-family: \'Open Sans\', Arial, sans-serif; font-size: 14px; text-align: justify;\">It is a long established fact that a reader will be distracted by the readable content of a page when looking at its layout. The point of using Lorem Ipsum is that it has a more-or-less normal distribution of letters, as opposed to using \'Content here, content here\', making it look like readable English. Many desktop publishing packages and web page editors now use Lorem Ipsum as their default model text, and a search for \'lorem ipsum\' will uncover many web sites still in their infancy. Various versions have evolved over the years, sometimes by accident, sometimes on purpose (injected humour and the like).</span></p>', 'waiting', 'test@gmail.com', 'not replied', 'superadministrator@app.com', '2020-11-17 11:06:38', '2020-11-17 11:06:38'),
(5, 'The placeholder text, beginning with the line “Lorem ipsum dolor sit amet, consectetur adipiscing elit”, looks like Latin because in its youth, centuries ago, it was Latin.', '<p><span style=\"font-family: \'Open Sans\', Arial, sans-serif; font-size: 14px; text-align: justify;\">It is a long established fact that a reader will be distracted by the readable content of a page when looking at its layout. The point of using Lorem Ipsum is that it has a more-or-less normal distribution of letters, as opposed to using \'Content here, content here\', making it look like readable English. Many desktop publishing packages and web page editors now use Lorem Ipsum as their default model text, and a search for \'lorem ipsum\' will uncover many web sites still in their infancy. Various versions have evolved over the years, sometimes by accident, sometimes on purpose (injected humour and the like).</span></p>\r\n<p>&nbsp;</p>\r\n<p><span style=\"font-family: \'Open Sans\', Arial, sans-serif; font-size: 14px; text-align: justify;\">It is a long established fact that a reader will be distracted by the readable content of a page when looking at its layout. The point of using Lorem Ipsum is that it has a more-or-less normal distribution of letters, as opposed to using \'Content here, content here\', making it look like readable English. Many desktop publishing packages and web page editors now use Lorem Ipsum as their default model text, and a search for \'lorem ipsum\' will uncover many web sites still in their infancy. Various versions have evolved over the years, sometimes by accident, sometimes on purpose (injected humour and the like).</span></p>\r\n<p>&nbsp;</p>\r\n<p>&nbsp;</p>\r\n<p><span style=\"font-family: \'Open Sans\', Arial, sans-serif; font-size: 14px; text-align: justify;\">It is a long established fact that a reader will be distracted by the readable content of a page when looking at its layout. The point of using Lorem Ipsum is that it has a more-or-less normal distribution of letters, as opposed to using \'Content here, content here\', making it look like readable English. Many desktop publishing packages and web page editors now use Lorem Ipsum as their default model text, and a search for \'lorem ipsum\' will uncover many web sites still in their infancy. Various versions have evolved over the years, sometimes by accident, sometimes on purpose (injected humour and the like).</span></p>', 'waiting', 'test@gmail.com', 'not replied', 'superadministrator@app.com', '2020-11-17 11:06:47', '2020-11-17 11:06:47'),
(6, 'The placeholder text, beginning with the line “Lorem ipsum dolor sit amet, consectetur adipiscing elit”, looks like Latin because in its youth, centuries ago, it was Latin.', '<p><span style=\"font-family: \'Open Sans\', Arial, sans-serif; font-size: 14px; text-align: justify;\">It is a long established fact that a reader will be distracted by the readable content of a page when looking at its layout. The point of using Lorem Ipsum is that it has a more-or-less normal distribution of letters, as opposed to using \'Content here, content here\', making it look like readable English. Many desktop publishing packages and web page editors now use Lorem Ipsum as their default model text, and a search for \'lorem ipsum\' will uncover many web sites still in their infancy. Various versions have evolved over the years, sometimes by accident, sometimes on purpose (injected humour and the like).</span></p>\r\n<p><span style=\"font-family: \'Open Sans\', Arial, sans-serif; font-size: 14px; text-align: justify;\">It is a long established fact that a reader will be distracted by the readable content of a page when looking at its layout. The point of using Lorem Ipsum is that it has a more-or-less normal distribution of letters, as opposed to using \'Content here, content here\', making it look like readable English. Many desktop publishing packages and web page editors now use Lorem Ipsum as their default model text, and a search for \'lorem ipsum\' will uncover many web sites still in their infancy. Various versions have evolved over the years, sometimes by accident, sometimes on purpose (injected humour and the like).</span></p>\r\n<p><span style=\"font-family: \'Open Sans\', Arial, sans-serif; font-size: 14px; text-align: justify;\">It is a long established fact that a reader will be distracted by the readable content of a page when looking at its layout. The point of using Lorem Ipsum is that it has a more-or-less normal distribution of letters, as opposed to using \'Content here, content here\', making it look like readable English. Many desktop publishing packages and web page editors now use Lorem Ipsum as their default model text, and a search for \'lorem ipsum\' will uncover many web sites still in their infancy. Various versions have evolved over the years, sometimes by accident, sometimes on purpose (injected humour and the like).</span></p>', 'waiting', 'test@gmail.com', 'not replied', 'superadministrator@app.com', '2020-11-17 11:07:14', '2020-11-17 11:07:14'),
(7, 'The placeholder text, beginning with the line “Lorem ipsum dolor sit amet, consectetur adipiscing elit”, looks like Latin because in its youth, centuries ago, it was Latin.', '<p><span style=\"font-family: \'Open Sans\', Arial, sans-serif; font-size: 14px; text-align: justify;\">It is a long established fact that a reader will be distracted by the readable content of a page when looking at its layout. The point of using Lorem Ipsum is that it has a more-or-less normal distribution of letters, as opposed to using \'Content here, content here\', making it look like readable English. Many desktop publishing packages and web page editors now use Lorem Ipsum as their default model text, and a search for \'lorem ipsum\' will uncover many web sites still in their infancy. Various versions have evolved over the years, sometimes by accident, sometimes on purpose (injected humour and the like).</span></p>\r\n<p><span style=\"font-family: \'Open Sans\', Arial, sans-serif; font-size: 14px; text-align: justify;\">&nbsp;</span></p>\r\n<p><span style=\"font-family: \'Open Sans\', Arial, sans-serif; font-size: 14px; text-align: justify;\">It is a long established fact that a reader will be distracted by the readable content of a page when looking at its layout. The point of using Lorem Ipsum is that it has a more-or-less normal distribution of letters, as opposed to using \'Content here, content here\', making it look like readable English. Many desktop publishing packages and web page editors now use Lorem Ipsum as their default model text, and a search for \'lorem ipsum\' will uncover many web sites still in their infancy. Various versions have evolved over the years, sometimes by accident, sometimes on purpose (injected humour and the like).</span></p>\r\n<p>&nbsp;</p>\r\n<p><span style=\"font-family: \'Open Sans\', Arial, sans-serif; font-size: 14px; text-align: justify;\">It is a long established fact that a reader will be distracted by the readable content of a page when looking at its layout. The point of using Lorem Ipsum is that it has a more-or-less normal distribution of letters, as opposed to using \'Content here, content here\', making it look like readable English. Many desktop publishing packages and web page editors now use Lorem Ipsum as their default model text, and a search for \'lorem ipsum\' will uncover many web sites still in their infancy. Various versions have evolved over the years, sometimes by accident, sometimes on purpose (injected humour and the like).</span></p>', 'waiting', 'test@gmail.com', 'not replied', 'superadministrator@app.com', '2020-11-17 11:08:42', '2020-11-17 11:08:42'),
(8, 'The placeholder text, beginning with the line “Lorem ipsum dolor sit amet, consectetur adipiscing elit”, looks like Latin because in its youth, centuries ago, it was Latin.', '<p><span style=\"font-family: \'Open Sans\', Arial, sans-serif; font-size: 14px; text-align: justify;\">It is a long established fact that a reader will be distracted by the readable content of a page when looking at its layout. The point of using Lorem Ipsum is that it has a more-or-less normal distribution of letters, as opposed to using \'Content here, content here\', making it look like readable English. Many desktop publishing packages and web page editors now use Lorem Ipsum as their default model text, and a search for \'lorem ipsum\' will uncover many web sites still in their infancy. Various versions have evolved over the years, sometimes by accident, sometimes on purpose (injected humour and the like).</span></p>\r\n<p><span style=\"font-family: \'Open Sans\', Arial, sans-serif; font-size: 14px; text-align: justify;\">&nbsp;</span></p>\r\n<p><span style=\"font-family: \'Open Sans\', Arial, sans-serif; font-size: 14px; text-align: justify;\">It is a long established fact that a reader will be distracted by the readable content of a page when looking at its layout. The point of using Lorem Ipsum is that it has a more-or-less normal distribution of letters, as opposed to using \'Content here, content here\', making it look like readable English. Many desktop publishing packages and web page editors now use Lorem Ipsum as their default model text, and a search for \'lorem ipsum\' will uncover many web sites still in their infancy. Various versions have evolved over the years, sometimes by accident, sometimes on purpose (injected humour and the like).</span></p>\r\n<p>&nbsp;</p>\r\n<p><span style=\"font-family: \'Open Sans\', Arial, sans-serif; font-size: 14px; text-align: justify;\">It is a long established fact that a reader will be distracted by the readable content of a page when looking at its layout. The point of using Lorem Ipsum is that it has a more-or-less normal distribution of letters, as opposed to using \'Content here, content here\', making it look like readable English. Many desktop publishing packages and web page editors now use Lorem Ipsum as their default model text, and a search for \'lorem ipsum\' will uncover many web sites still in their infancy. Various versions have evolved over the years, sometimes by accident, sometimes on purpose (injected humour and the like).</span></p>', 'waiting', 'test@gmail.com', 'not replied', 'superadministrator@app.com', '2020-11-17 11:10:06', '2020-11-17 11:10:06'),
(9, 'The placeholder text, beginning with the line “Lorem ipsum dolor sit amet, consectetur adipiscing elit”, looks like Latin because in its youth, centuries ago, it was Latin.', '<p><span style=\"font-family: \'Open Sans\', Arial, sans-serif; font-size: 14px; text-align: justify;\">It is a long established fact that a reader will be distracted by the readable content of a page when looking at its layout. The point of using Lorem Ipsum is that it has a more-or-less normal distribution of letters, as opposed to using \'Content here, content here\', making it look like readable English. Many desktop publishing packages and web page editors now use Lorem Ipsum as their default model text, and a search for \'lorem ipsum\' will uncover many web sites still in their infancy. Various versions have evolved over the years, sometimes by accident, sometimes on purpose (injected humour and the like).</span></p>\r\n<p>&nbsp;</p>\r\n<p><span style=\"font-family: \'Open Sans\', Arial, sans-serif; font-size: 14px; text-align: justify;\">It is a long established fact that a reader will be distracted by the readable content of a page when looking at its layout. The point of using Lorem Ipsum is that it has a more-or-less normal distribution of letters, as opposed to using \'Content here, content here\', making it look like readable English. Many desktop publishing packages and web page editors now use Lorem Ipsum as their default model text, and a search for \'lorem ipsum\' will uncover many web sites still in their infancy. Various versions have evolved over the years, sometimes by accident, sometimes on purpose (injected humour and the like).</span></p>\r\n<p>&nbsp;</p>\r\n<p><span style=\"font-family: \'Open Sans\', Arial, sans-serif; font-size: 14px; text-align: justify;\">It is a long established fact that a reader will be distracted by the readable content of a page when looking at its layout. The point of using Lorem Ipsum is that it has a more-or-less normal distribution of letters, as opposed to using \'Content here, content here\', making it look like readable English. Many desktop publishing packages and web page editors now use Lorem Ipsum as their default model text, and a search for \'lorem ipsum\' will uncover many web sites still in their infancy. Various versions have evolved over the years, sometimes by accident, sometimes on purpose (injected humour and the like).</span></p>', 'waiting', 'test@gmail.com', 'not replied', 'superadministrator@app.com', '2020-11-17 11:11:08', '2020-11-17 11:11:08'),
(10, 'The placeholder text, beginning with the line “Lorem ipsum dolor sit amet, consectetur adipiscing elit”, looks like Latin because in its youth, centuries ago, it was Latin.', '<p><span style=\"font-family: \'Open Sans\', Arial, sans-serif; font-size: 14px; text-align: justify;\">It is a long established fact that a reader will be distracted by the readable content of a page when looking at its layout. The point of using Lorem Ipsum is that it has a more-or-less normal distribution of letters, as opposed to using \'Content here, content here\', making it look like readable English. Many desktop publishing packages and web page editors now use Lorem Ipsum as their default model text, and a search for \'lorem ipsum\' will uncover many web sites still in their infancy. Various versions have evolved over the years, sometimes by accident, sometimes on purpose (injected humour and the like).</span></p>\r\n<p>&nbsp;</p>\r\n<p><span style=\"font-family: \'Open Sans\', Arial, sans-serif; font-size: 14px; text-align: justify;\">It is a long established fact that a reader will be distracted by the readable content of a page when looking at its layout. The point of using Lorem Ipsum is that it has a more-or-less normal distribution of letters, as opposed to using \'Content here, content here\', making it look like readable English. Many desktop publishing packages and web page editors now use Lorem Ipsum as their default model text, and a search for \'lorem ipsum\' will uncover many web sites still in their infancy. Various versions have evolved over the years, sometimes by accident, sometimes on purpose (injected humour and the like).</span></p>\r\n<p>&nbsp;</p>\r\n<p><span style=\"font-family: \'Open Sans\', Arial, sans-serif; font-size: 14px; text-align: justify;\">It is a long established fact that a reader will be distracted by the readable content of a page when looking at its layout. The point of using Lorem Ipsum is that it has a more-or-less normal distribution of letters, as opposed to using \'Content here, content here\', making it look like readable English. Many desktop publishing packages and web page editors now use Lorem Ipsum as their default model text, and a search for \'lorem ipsum\' will uncover many web sites still in their infancy. Various versions have evolved over the years, sometimes by accident, sometimes on purpose (injected humour and the like).</span></p>', 'waiting', 'test@gmail.com', 'not replied', 'superadministrator@app.com', '2020-11-17 11:11:30', '2020-11-17 11:11:30');

-- --------------------------------------------------------

--
-- Table structure for table `failed_jobs`
--

CREATE TABLE `failed_jobs` (
  `id` bigint(20) UNSIGNED NOT NULL,
  `uuid` varchar(255) COLLATE utf8mb4_unicode_ci NOT NULL,
  `connection` text COLLATE utf8mb4_unicode_ci NOT NULL,
  `queue` text COLLATE utf8mb4_unicode_ci NOT NULL,
  `payload` longtext COLLATE utf8mb4_unicode_ci NOT NULL,
  `exception` longtext COLLATE utf8mb4_unicode_ci NOT NULL,
  `failed_at` timestamp NOT NULL DEFAULT current_timestamp()
) ENGINE=InnoDB DEFAULT CHARSET=utf8mb4 COLLATE=utf8mb4_unicode_ci;

-- ---------------------- ----------------------------------

--
-- Table structure for table `migrations`
--

CREATE TABLE `migrations` (
  `id` int(10) UNSIGNED NOT NULL,
  `migration` varchar(255) COLLATE utf8mb4_unicode_ci NOT NULL,
  `batch` int(11) NOT NULL
) ENGINE=InnoDB DEFAULT CHARSET=utf8mb4 COLLATE=utf8mb4_unicode_ci;

--
-- Dumping data for table `migrations`
--

INSERT INTO `migrations` (`id`, `migration`, `batch`) VALUES
(1, '2014_10_12_000000_create_users_table', 1),
(2, '2014_10_12_100000_create_password_resets_table', 1),
(3, '2019_08_19_000000_create_failed_jobs_table', 1),
(4, '2020_11_17_090204_laratrust_setup_tables', 1),
(5, '2020_11_17_102424_create_posts_table', 2),
(8, '2020_11_17_132053_create_subscribers_table', 3),
(9, '2020_11_17_132256_create_chats_table', 3);

-- --------------------------------------------------------

--
-- Table structure for table `password_resets`
--

CREATE TABLE `password_resets` (
  `email` varchar(255) COLLATE utf8mb4_unicode_ci NOT NULL,
  `token` varchar(255) COLLATE utf8mb4_unicode_ci NOT NULL,
  `created_at` timestamp NULL DEFAULT NULL
) ENGINE=InnoDB DEFAULT CHARSET=utf8mb4 COLLATE=utf8mb4_unicode_ci;

-- --------------------------------------------------------

--
-- Table structure for table `permissions`
--

CREATE TABLE `permissions` (
  `id` bigint(20) UNSIGNED NOT NULL,
  `name` varchar(255) COLLATE utf8mb4_unicode_ci NOT NULL,
  `display_name` varchar(255) COLLATE utf8mb4_unicode_ci DEFAULT NULL,
  `description` varchar(255) COLLATE utf8mb4_unicode_ci DEFAULT NULL,
  `created_at` timestamp NULL DEFAULT NULL,
  `updated_at` timestamp NULL DEFAULT NULL
) ENGINE=InnoDB DEFAULT CHARSET=utf8mb4 COLLATE=utf8mb4_unicode_ci;

--
-- Dumping data for table `permissions`
--

INSERT INTO `permissions` (`id`, `name`, `display_name`, `description`, `created_at`, `updated_at`) VALUES
(1, 'users-create', 'Create Users', 'Create Users', '2020-11-17 06:21:05', '2020-11-17 06:21:05'),
(2, 'users-read', 'Read Users', 'Read Users', '2020-11-17 06:21:05', '2020-11-17 06:21:05'),
(3, 'users-update', 'Update Users', 'Update Users', '2020-11-17 06:21:05', '2020-11-17 06:21:05'),
(4, 'users-delete', 'Delete Users', 'Delete Users', '2020-11-17 06:21:05', '2020-11-17 06:21:05'),
(5, 'payments-create', 'Create Payments', 'Create Payments', '2020-11-17 06:21:05', '2020-11-17 06:21:05'),
(6, 'payments-read', 'Read Payments', 'Read Payments', '2020-11-17 06:21:05', '2020-11-17 06:21:05'),
(7, 'payments-update', 'Update Payments', 'Update Payments', '2020-11-17 06:21:05', '2020-11-17 06:21:05'),
(8, 'payments-delete', 'Delete Payments', 'Delete Payments', '2020-11-17 06:21:05', '2020-11-17 06:21:05'),
(9, 'profile-read', 'Read Profile', 'Read Profile', '2020-11-17 06:21:05', '2020-11-17 06:21:05'),
(10, 'profile-update', 'Update Profile', 'Update Profile', '2020-11-17 06:21:05', '2020-11-17 06:21:05'),
(11, 'module_1_name-create', 'Create Module_1_name', 'Create Module_1_name', '2020-11-17 06:21:08', '2020-11-17 06:21:08'),
(12, 'module_1_name-read', 'Read Module_1_name', 'Read Module_1_name', '2020-11-17 06:21:08', '2020-11-17 06:21:08'),
(13, 'module_1_name-update', 'Update Module_1_name', 'Update Module_1_name', '2020-11-17 06:21:08', '2020-11-17 06:21:08'),
(14, 'module_1_name-delete', 'Delete Module_1_name', 'Delete Module_1_name', '2020-11-17 06:21:08', '2020-11-17 06:21:08');

-- --------------------------------------------------------

--
-- Table structure for table `permission_role`
--

CREATE TABLE `permission_role` (
  `permission_id` bigint(20) UNSIGNED NOT NULL,
  `role_id` bigint(20) UNSIGNED NOT NULL
) ENGINE=InnoDB DEFAULT CHARSET=utf8mb4 COLLATE=utf8mb4_unicode_ci;

--
-- Dumping data for table `permission_role`
--

INSERT INTO `permission_role` (`permission_id`, `role_id`) VALUES
(1, 1),
(1, 2),
(2, 1),
(2, 2),
(3, 1),
(3, 2),
(4, 1),
(4, 2),
(5, 1),
(6, 1),
(7, 1),
(8, 1),
(9, 1),
(9, 2),
(9, 3),
(10, 1),
(10, 2),
(10, 3),
(11, 4),
(12, 4),
(13, 4),
(14, 4);

-- --------------------------------------------------------

--
-- Table structure for table `permission_user`
--

CREATE TABLE `permission_user` (
  `permission_id` bigint(20) UNSIGNED NOT NULL,
  `user_id` bigint(20) UNSIGNED NOT NULL,
  `user_type` varchar(255) COLLATE utf8mb4_unicode_ci NOT NULL,
  `team_id` bigint(20) UNSIGNED DEFAULT NULL
) ENGINE=InnoDB DEFAULT CHARSET=utf8mb4 COLLATE=utf8mb4_unicode_ci;

-- --------------------------------------------------------

--
-- Table structure for table `posts`
--

CREATE TABLE `posts` (
  `id` bigint(20) UNSIGNED NOT NULL,
  `postid` varchar(255) COLLATE utf8mb4_unicode_ci NOT NULL,
  `category` varchar(255) COLLATE utf8mb4_unicode_ci NOT NULL,
  `title` varchar(255) COLLATE utf8mb4_unicode_ci NOT NULL,
  `description` longtext COLLATE utf8mb4_unicode_ci NOT NULL,
  `picture` varchar(255) COLLATE utf8mb4_unicode_ci NOT NULL,
  `likes` varchar(255) COLLATE utf8mb4_unicode_ci NOT NULL,
  `dislikes` varchar(255) COLLATE utf8mb4_unicode_ci NOT NULL,
  `publisher` varchar(255) COLLATE utf8mb4_unicode_ci NOT NULL,
  `status` varchar(255) COLLATE utf8mb4_unicode_ci NOT NULL,
  `created_at` timestamp NULL DEFAULT NULL,
  `updated_at` timestamp NULL DEFAULT NULL
) ENGINE=InnoDB DEFAULT CHARSET=utf8mb4 COLLATE=utf8mb4_unicode_ci;

--
-- Dumping data for table `posts`
--

INSERT INTO `posts` (`id`, `postid`, `category`, `title`, `description`, `picture`, `likes`, `dislikes`, `publisher`, `status`, `created_at`, `updated_at`) VALUES
(3, '2303863491', 'Politics', 'elections', '<p>elections day</p>', 'elections_1605690389.jpg', '0', '0', 'Superadministrator', 'active', '2020-11-18 06:06:30', '2020-11-18 06:06:30'),
(4, '2723878177', 'Entertainment', 'sdefwe4get', '<p>this is the description</p>', 'ann-p-5_1605693170.PNG', '0', '0', 'Superadministrator', 'active', '2020-11-18 06:52:50', '2020-11-18 06:52:50'),
(5, '9019687272', 'Technology', 'elections', '<p>sent this to alll subscribers</p>', 'ask-quiz_1605695798.PNG', '0', '0', 'Superadministrator', 'active', '2020-11-18 07:36:38', '2020-11-18 07:36:38');

-- --------------------------------------------------------

--
-- Table structure for table `roles`
--

CREATE TABLE `roles` (
  `id` bigint(20) UNSIGNED NOT NULL,
  `name` varchar(255) COLLATE utf8mb4_unicode_ci NOT NULL,
  `display_name` varchar(255) COLLATE utf8mb4_unicode_ci DEFAULT NULL,
  `description` varchar(255) COLLATE utf8mb4_unicode_ci DEFAULT NULL,
  `created_at` timestamp NULL DEFAULT NULL,
  `updated_at` timestamp NULL DEFAULT NULL
) ENGINE=InnoDB DEFAULT CHARSET=utf8mb4 COLLATE=utf8mb4_unicode_ci;

--
-- Dumping data for table `roles`
--

INSERT INTO `roles` (`id`, `name`, `display_name`, `description`, `created_at`, `updated_at`) VALUES
(1, 'superadministrator', 'Superadministrator', 'Superadministrator', '2020-11-17 06:21:04', '2020-11-17 06:21:04'),
(2, 'administrator', 'Administrator', 'Administrator', '2020-11-17 06:21:07', '2020-11-17 06:21:07'),
(3, 'user', 'User', 'User', '2020-11-17 06:21:08', '2020-11-17 06:21:08'),
(4, 'role_name', 'Role Name', 'Role Name', '2020-11-17 06:21:08', '2020-11-17 06:21:08');

-- --------------------------------------------------------

--
-- Table structure for table `role_user`
--

CREATE TABLE `role_user` (
  `role_id` bigint(20) UNSIGNED NOT NULL,
  `user_id` bigint(20) UNSIGNED NOT NULL,
  `user_type` varchar(255) COLLATE utf8mb4_unicode_ci NOT NULL,
  `team_id` bigint(20) UNSIGNED DEFAULT NULL
) ENGINE=InnoDB DEFAULT CHARSET=utf8mb4 COLLATE=utf8mb4_unicode_ci;

--
-- Dumping data for table `role_user`
--

INSERT INTO `role_user` (`role_id`, `user_id`, `user_type`, `team_id`) VALUES
(1, 1, 'App\\Models\\User', NULL),
(2, 2, 'App\\Models\\User', NULL),
(3, 3, 'App\\Models\\User', NULL),
(4, 4, 'App\\Models\\User', NULL);

-- --------------------------------------------------------

--
-- Table structure for table `subscribers`
--

CREATE TABLE `subscribers` (
  `id` bigint(20) UNSIGNED NOT NULL,
  `email_address` varchar(255) COLLATE utf8mb4_unicode_ci NOT NULL,
  `created_at` timestamp NULL DEFAULT NULL,
  `updated_at` timestamp NULL DEFAULT NULL
) ENGINE=InnoDB DEFAULT CHARSET=utf8mb4 COLLATE=utf8mb4_unicode_ci;

--
-- Dumping data for table `subscribers`
--

INSERT INTO `subscribers` (`id`, `email_address`, `created_at`, `updated_at`) VALUES
(1, 'vnsmusyoki@gmail.com', '2020-11-18 04:48:00', '2020-11-18 04:48:00'),
(2, 'v@gmail.com', '2020-11-18 04:50:26', '2020-11-18 04:50:26'),
(3, 'a@gmail.com', '2020-11-18 04:54:48', '2020-11-18 04:54:48');

-- --------------------------------------------------------

--
-- Table structure for table `teams`
--

CREATE TABLE `teams` (
  `id` bigint(20) UNSIGNED NOT NULL,
  `name` varchar(255) COLLATE utf8mb4_unicode_ci NOT NULL,
  `display_name` varchar(255) COLLATE utf8mb4_unicode_ci DEFAULT NULL,
  `description` varchar(255) COLLATE utf8mb4_unicode_ci DEFAULT NULL,
  `created_at` timestamp NULL DEFAULT NULL,
  `updated_at` timestamp NULL DEFAULT NULL
) ENGINE=InnoDB DEFAULT CHARSET=utf8mb4 COLLATE=utf8mb4_unicode_ci;

-- --------------------------------------------------------

--
-- Table structure for table `users`
--

CREATE TABLE `users` (
  `id` bigint(20) UNSIGNED NOT NULL,
  `name` varchar(255) COLLATE utf8mb4_unicode_ci NOT NULL,
  `email` varchar(255) COLLATE utf8mb4_unicode_ci NOT NULL,
  `phone_number` varchar(20) COLLATE utf8mb4_unicode_ci NOT NULL,
  `email_address` varchar(100) COLLATE utf8mb4_unicode_ci NOT NULL,
  `user_category` varchar(20) COLLATE utf8mb4_unicode_ci NOT NULL,
  `picture` varchar(100) COLLATE utf8mb4_unicode_ci NOT NULL,
  `email_verified_at` timestamp NULL DEFAULT NULL,
  `password` varchar(255) COLLATE utf8mb4_unicode_ci NOT NULL,
  `remember_token` varchar(100) COLLATE utf8mb4_unicode_ci DEFAULT NULL,
  `created_at` timestamp NULL DEFAULT NULL,
  `updated_at` timestamp NULL DEFAULT NULL
) ENGINE=InnoDB DEFAULT CHARSET=utf8mb4 COLLATE=utf8mb4_unicode_ci;

--
-- Dumping data for table `users`
--

INSERT INTO `users` (`id`, `name`, `email`, `phone_number`, `email_address`, `user_category`, `picture`, `email_verified_at`, `password`, `remember_token`, `created_at`, `updated_at`) VALUES
(1, 'Superadministrator', 'shirleymukami023@gmail.com', '', '', '', '', NULL, '$2y$10$xu11V8OC7MOAGHmh18.9beMWXDW/87Ip4jSHSD1fRj37Mqk7Oh6Du', NULL, '2020-11-17 06:21:07', '2020-11-17 06:21:07'),
(2, 'Administrator', 'administrator@app.com', '', '', '', '', NULL, '$2y$10$.zuKhBOThxv1fj8hPjtrIeRONWtaQZTq.Eo8utKOpXH73nIBUMbtq', NULL, '2020-11-17 06:21:08', '2020-11-17 06:21:08'),
(3, 'User', 'user@app.com', '', '', 'subscriber', '', NULL, '$2y$10$YR75q70HQyS3jSNn7RYZjOZJEiA9GDzb4QYIHUBiBg0gDGYtf4piu', NULL, '2020-11-17 06:21:08', '2020-11-17 06:21:08'),
(4, 'Role Name', 'role_name@app.com', '', '', 'subscriber', '', NULL, '$2y$10$Rmz5ZCYBxepmTSlJ7ilAWu1LYw3Y0h4MT5Zty3bTx/2jYMYQ743sS', NULL, '2020-11-17 06:21:09', '2020-11-17 06:21:09');

--
-- Indexes for dumped tables
--

--
-- Indexes for table `chats`
--
ALTER TABLE `chats`
  ADD PRIMARY KEY (`id`);

--
-- Indexes for table `failed_jobs`
--
ALTER TABLE `failed_jobs`
  ADD PRIMARY KEY (`id`),
  ADD UNIQUE KEY `failed_jobs_uuid_unique` (`uuid`);

--
-- Indexes for table `migrations`
--
ALTER TABLE `migrations`
  ADD PRIMARY KEY (`id`);

--
-- Indexes for table `password_resets`
--
ALTER TABLE `password_resets`
  ADD KEY `password_resets_email_index` (`email`);

--
-- Indexes for table `permissions`
--
ALTER TABLE `permissions`
  ADD PRIMARY KEY (`id`),
  ADD UNIQUE KEY `permissions_name_unique` (`name`);

--
-- Indexes for table `permission_role`
--
ALTER TABLE `permission_role`
  ADD PRIMARY KEY (`permission_id`,`role_id`),
  ADD KEY `permission_role_role_id_foreign` (`role_id`);

--
-- Indexes for table `permission_user`
--
ALTER TABLE `permission_user`
  ADD UNIQUE KEY `permission_user_user_id_permission_id_user_type_team_id_unique` (`user_id`,`permission_id`,`user_type`,`team_id`),
  ADD KEY `permission_user_permission_id_foreign` (`permission_id`),
  ADD KEY `permission_user_team_id_foreign` (`team_id`);

--
-- Indexes for table `posts`
--
ALTER TABLE `posts`
  ADD PRIMARY KEY (`id`);

--
-- Indexes for table `roles`
--
ALTER TABLE `roles`
  ADD PRIMARY KEY (`id`),
  ADD UNIQUE KEY `roles_name_unique` (`name`);

--
-- Indexes for table `role_user`
--
ALTER TABLE `role_user`
  ADD UNIQUE KEY `role_user_user_id_role_id_user_type_team_id_unique` (`user_id`,`role_id`,`user_type`,`team_id`),
  ADD KEY `role_user_role_id_foreign` (`role_id`),
  ADD KEY `role_user_team_id_foreign` (`team_id`);

--
-- Indexes for table `subscribers`
--
ALTER TABLE `subscribers`
  ADD PRIMARY KEY (`id`);

--
-- Indexes for table `teams`
--
ALTER TABLE `teams`
  ADD PRIMARY KEY (`id`),
  ADD UNIQUE KEY `teams_name_unique` (`name`);

--
-- Indexes for table `users`
--
ALTER TABLE `users`
  ADD PRIMARY KEY (`id`),
  ADD UNIQUE KEY `users_email_unique` (`email`);

--
-- AUTO_INCREMENT for dumped tables
--

--
-- AUTO_INCREMENT for table `chats`
--
ALTER TABLE `chats`
  MODIFY `id` bigint(20) UNSIGNED NOT NULL AUTO_INCREMENT, AUTO_INCREMENT=11;

--
-- AUTO_INCREMENT for table `failed_jobs`
--
ALTER TABLE `failed_jobs`
  MODIFY `id` bigint(20) UNSIGNED NOT NULL AUTO_INCREMENT;

--
-- AUTO_INCREMENT for table `migrations`
--
ALTER TABLE `migrations`
  MODIFY `id` int(10) UNSIGNED NOT NULL AUTO_INCREMENT, AUTO_INCREMENT=10;

--
-- AUTO_INCREMENT for table `permissions`
--
ALTER TABLE `permissions`
  MODIFY `id` bigint(20) UNSIGNED NOT NULL AUTO_INCREMENT, AUTO_INCREMENT=15;

--
-- AUTO_INCREMENT for table `posts`
--
ALTER TABLE `posts`
  MODIFY `id` bigint(20) UNSIGNED NOT NULL AUTO_INCREMENT, AUTO_INCREMENT=6;

--
-- AUTO_INCREMENT for table `roles`
--
ALTER TABLE `roles`
  MODIFY `id` bigint(20) UNSIGNED NOT NULL AUTO_INCREMENT, AUTO_INCREMENT=5;

--
-- AUTO_INCREMENT for table `subscribers`
--
ALTER TABLE `subscribers`
  MODIFY `id` bigint(20) UNSIGNED NOT NULL AUTO_INCREMENT, AUTO_INCREMENT=4;

--
-- AUTO_INCREMENT for table `teams`
--
ALTER TABLE `teams`
  MODIFY `id` bigint(20) UNSIGNED NOT NULL AUTO_INCREMENT;

--
-- AUTO_INCREMENT for table `users`
--
ALTER TABLE `users`
  MODIFY `id` bigint(20) UNSIGNED NOT NULL AUTO_INCREMENT, AUTO_INCREMENT=5;

--
-- Constraints for dumped tables
--

--
-- Constraints for table `permission_role`
--
ALTER TABLE `permission_role`
  ADD CONSTRAINT `permission_role_permission_id_foreign` FOREIGN KEY (`permission_id`) REFERENCES `permissions` (`id`) ON DELETE CASCADE ON UPDATE CASCADE,
  ADD CONSTRAINT `permission_role_role_id_foreign` FOREIGN KEY (`role_id`) REFERENCES `roles` (`id`) ON DELETE CASCADE ON UPDATE CASCADE;

--
-- Constraints for table `permission_user`
--
ALTER TABLE `permission_user`
  ADD CONSTRAINT `permission_user_permission_id_foreign` FOREIGN KEY (`permission_id`) REFERENCES `permissions` (`id`) ON DELETE CASCADE ON UPDATE CASCADE,
  ADD CONSTRAINT `permission_user_team_id_foreign` FOREIGN KEY (`team_id`) REFERENCES `teams` (`id`) ON DELETE CASCADE ON UPDATE CASCADE;

--
-- Constraints for table `role_user`
--
ALTER TABLE `role_user`
  ADD CONSTRAINT `role_user_role_id_foreign` FOREIGN KEY (`role_id`) REFERENCES `roles` (`id`) ON DELETE CASCADE ON UPDATE CASCADE,
  ADD CONSTRAINT `role_user_team_id_foreign` FOREIGN KEY (`team_id`) REFERENCES `teams` (`id`) ON DELETE CASCADE ON UPDATE CASCADE;
COMMIT;

/*!40101 SET CHARACTER_SET_CLIENT=@OLD_CHARACTER_SET_CLIENT */;
/*!40101 SET CHARACTER_SET_RESULTS=@OLD_CHARACTER_SET_RESULTS */;
/*!40101 SET COLLATION_CONNECTION=@OLD_COLLATION_CONNECTION */;
